,Itr,ReturnAvg,ReturnMax,ReturnMin,ReturnStd
0,-1,-135.22330980779356,-101.67342503195187,-195.20703176214687,33.369435660594455
