,ReturnAvg,ReturnMax,ReturnMin,ReturnStd
0,-148.3924461221025,-104.87838498721358,-198.6075446419772,27.252485248133215
