,ReturnAvg,ReturnMax,ReturnMin,ReturnStd
0,-151.54110960711358,-80.07463948034226,-216.18048957691457,31.932993362029837
