,ReturnAvg,ReturnMax,ReturnMin,ReturnStd
0,-144.59878479351192,-91.17812040713035,-192.58060299437489,35.83184549926723
