,ReturnAvg,ReturnMax,ReturnMin,ReturnStd
0,-152.37855065175125,-51.27973150846198,-181.93402156939163,37.45102353542171
