,ReturnAvg,ReturnMax,ReturnMin,ReturnStd
0,-164.8176313907564,-101.06985430403527,-236.3599639327941,36.82323226019927
